cohort,abs_mob_pos_par_p1,abs_mob_pos_par_p2,abs_mob_pos_par_p3,abs_mob_pos_par_p4,abs_mob_pos_par_p5,abs_mob_pos_par_p6,abs_mob_pos_par_p7,abs_mob_pos_par_p8,abs_mob_pos_par_p9,abs_mob_pos_par_p10,abs_mob_pos_par_p11,abs_mob_pos_par_p12,abs_mob_pos_par_p13,abs_mob_pos_par_p14,abs_mob_pos_par_p15,abs_mob_pos_par_p16,abs_mob_pos_par_p17,abs_mob_pos_par_p18,abs_mob_pos_par_p19,abs_mob_pos_par_p20,abs_mob_pos_par_p21,abs_mob_pos_par_p22,abs_mob_pos_par_p23,abs_mob_pos_par_p24,abs_mob_pos_par_p25,abs_mob_pos_par_p26,abs_mob_pos_par_p27,abs_mob_pos_par_p28,abs_mob_pos_par_p29,abs_mob_pos_par_p30,abs_mob_pos_par_p31,abs_mob_pos_par_p32,abs_mob_pos_par_p33,abs_mob_pos_par_p34,abs_mob_pos_par_p35,abs_mob_pos_par_p36,abs_mob_pos_par_p37,abs_mob_pos_par_p38,abs_mob_pos_par_p39,abs_mob_pos_par_p40,abs_mob_pos_par_p41,abs_mob_pos_par_p42,abs_mob_pos_par_p43,abs_mob_pos_par_p44,abs_mob_pos_par_p45,abs_mob_pos_par_p46,abs_mob_pos_par_p47,abs_mob_pos_par_p48,abs_mob_pos_par_p49,abs_mob_pos_par_p50,abs_mob_pos_par_p51,abs_mob_pos_par_p52,abs_mob_pos_par_p53,abs_mob_pos_par_p54,abs_mob_pos_par_p55,abs_mob_pos_par_p56,abs_mob_pos_par_p57,abs_mob_pos_par_p58,abs_mob_pos_par_p59,abs_mob_pos_par_p60,abs_mob_pos_par_p61,abs_mob_pos_par_p62,abs_mob_pos_par_p63,abs_mob_pos_par_p64,abs_mob_pos_par_p65,abs_mob_pos_par_p66,abs_mob_pos_par_p67,abs_mob_pos_par_p68,abs_mob_pos_par_p69,abs_mob_pos_par_p70,abs_mob_pos_par_p71,abs_mob_pos_par_p72,abs_mob_pos_par_p73,abs_mob_pos_par_p74,abs_mob_pos_par_p75,abs_mob_pos_par_p76,abs_mob_pos_par_p77,abs_mob_pos_par_p78,abs_mob_pos_par_p79,abs_mob_pos_par_p80,abs_mob_pos_par_p81,abs_mob_pos_par_p82,abs_mob_pos_par_p83,abs_mob_pos_par_p84,abs_mob_pos_par_p85,abs_mob_pos_par_p86,abs_mob_pos_par_p87,abs_mob_pos_par_p88,abs_mob_pos_par_p89,abs_mob_pos_par_p90,abs_mob_pos_par_p91,abs_mob_pos_par_p92,abs_mob_pos_par_p93,abs_mob_pos_par_p94,abs_mob_pos_par_p95,abs_mob_pos_par_p96,abs_mob_pos_par_p97,abs_mob_pos_par_p98,abs_mob_pos_par_p99,abs_mob_pos_par_p100,par_frac0,cohort_mean
1940,0.946,0.951,0.949,0.941,0.94,0.939,0.938,0.939,0.937,0.935,0.937,0.936,0.936,0.933,0.934,0.93,0.931,0.93,0.929,0.93,0.932,0.932,0.932,0.931,0.93,0.931,0.931,0.929,0.929,0.929,0.93,0.929,0.929,0.929,0.928,0.927,0.926,0.927,0.928,0.926,0.927,0.927,0.928,0.927,0.928,0.928,0.926,0.927,0.925,0.926,0.929,0.927,0.927,0.927,0.926,0.927,0.927,0.931,0.931,0.931,0.933,0.934,0.936,0.936,0.937,0.937,0.935,0.937,0.935,0.932,0.932,0.933,0.931,0.93,0.927,0.927,0.924,0.923,0.922,0.918,0.918,0.92,0.918,0.913,0.905,0.901,0.899,0.895,0.888,0.876,0.873,0.873,0.87,0.864,0.84,0.82,0.777,0.715,0.583,0.411,0.043,0.915000021
1941,0.923,0.932,0.931,0.924,0.921,0.919,0.916,0.916,0.913,0.91,0.91,0.909,0.91,0.906,0.907,0.902,0.904,0.904,0.903,0.905,0.905,0.903,0.905,0.904,0.903,0.903,0.901,0.9,0.9,0.9,0.901,0.902,0.902,0.902,0.902,0.902,0.903,0.902,0.904,0.904,0.904,0.904,0.905,0.903,0.904,0.902,0.899,0.904,0.902,0.9,0.901,0.901,0.9,0.9,0.903,0.902,0.903,0.906,0.909,0.906,0.906,0.905,0.905,0.904,0.905,0.905,0.903,0.905,0.903,0.903,0.9,0.9,0.898,0.898,0.898,0.899,0.896,0.891,0.889,0.886,0.881,0.882,0.877,0.87,0.863,0.859,0.857,0.858,0.858,0.855,0.845,0.834,0.824,0.808,0.787,0.746,0.714,0.621,0.481,0.344,0.09,0.890999973
1942,0.923,0.931,0.931,0.928,0.925,0.924,0.924,0.925,0.923,0.923,0.924,0.924,0.925,0.923,0.923,0.92,0.922,0.922,0.921,0.922,0.922,0.921,0.923,0.922,0.921,0.921,0.92,0.918,0.917,0.917,0.918,0.917,0.916,0.917,0.916,0.915,0.915,0.914,0.917,0.915,0.914,0.913,0.913,0.911,0.912,0.913,0.912,0.915,0.913,0.91,0.913,0.911,0.913,0.914,0.916,0.916,0.915,0.917,0.917,0.913,0.913,0.912,0.914,0.913,0.912,0.912,0.909,0.91,0.905,0.904,0.897,0.897,0.894,0.891,0.888,0.888,0.884,0.882,0.883,0.88,0.875,0.873,0.868,0.866,0.861,0.859,0.862,0.856,0.851,0.843,0.834,0.816,0.807,0.799,0.774,0.745,0.699,0.622,0.492,0.344,0.085,0.896000028
1943,0.921,0.929,0.927,0.922,0.921,0.921,0.92,0.921,0.919,0.919,0.919,0.919,0.92,0.917,0.917,0.913,0.915,0.916,0.914,0.913,0.913,0.913,0.914,0.913,0.911,0.912,0.912,0.909,0.908,0.909,0.909,0.908,0.908,0.907,0.907,0.906,0.906,0.906,0.909,0.907,0.906,0.905,0.905,0.9,0.904,0.905,0.901,0.901,0.899,0.897,0.902,0.902,0.904,0.905,0.906,0.904,0.903,0.903,0.904,0.901,0.903,0.904,0.904,0.903,0.902,0.901,0.899,0.899,0.895,0.896,0.891,0.891,0.889,0.889,0.888,0.889,0.884,0.88,0.878,0.874,0.868,0.869,0.861,0.857,0.857,0.854,0.853,0.847,0.843,0.829,0.822,0.816,0.795,0.777,0.748,0.717,0.667,0.599,0.51,0.361,0.083,0.888000011
1944,0.929,0.937,0.938,0.938,0.937,0.935,0.934,0.934,0.931,0.931,0.93,0.93,0.931,0.929,0.928,0.924,0.927,0.927,0.926,0.925,0.925,0.925,0.926,0.925,0.924,0.925,0.924,0.923,0.922,0.923,0.923,0.921,0.922,0.922,0.921,0.92,0.919,0.92,0.922,0.919,0.919,0.917,0.917,0.915,0.918,0.918,0.915,0.917,0.915,0.913,0.917,0.917,0.92,0.919,0.919,0.917,0.915,0.916,0.916,0.915,0.916,0.915,0.915,0.913,0.911,0.91,0.907,0.909,0.907,0.908,0.904,0.906,0.903,0.899,0.897,0.897,0.895,0.89,0.889,0.882,0.875,0.874,0.873,0.874,0.871,0.869,0.865,0.855,0.846,0.835,0.831,0.822,0.806,0.787,0.766,0.739,0.695,0.629,0.515,0.352,0.079,0.898999989
1945,0.921,0.925,0.912,0.911,0.908,0.905,0.904,0.903,0.899,0.899,0.898,0.899,0.901,0.898,0.898,0.894,0.899,0.898,0.893,0.891,0.891,0.89,0.89,0.887,0.888,0.887,0.887,0.887,0.886,0.886,0.887,0.887,0.888,0.887,0.887,0.888,0.888,0.889,0.89,0.889,0.889,0.887,0.89,0.888,0.889,0.888,0.885,0.89,0.888,0.89,0.894,0.894,0.894,0.892,0.893,0.889,0.888,0.89,0.889,0.882,0.884,0.881,0.881,0.879,0.874,0.872,0.871,0.874,0.868,0.869,0.861,0.864,0.862,0.859,0.855,0.854,0.85,0.846,0.843,0.839,0.836,0.841,0.839,0.834,0.826,0.819,0.811,0.799,0.791,0.782,0.769,0.758,0.742,0.722,0.703,0.655,0.615,0.523,0.439,0.308,0.076,0.864000022
1946,0.912,0.918,0.916,0.915,0.914,0.913,0.911,0.912,0.909,0.909,0.908,0.908,0.91,0.906,0.906,0.903,0.906,0.905,0.902,0.903,0.903,0.901,0.901,0.9,0.899,0.899,0.899,0.897,0.896,0.894,0.896,0.895,0.894,0.891,0.892,0.891,0.89,0.889,0.889,0.886,0.884,0.886,0.888,0.884,0.884,0.884,0.882,0.888,0.886,0.887,0.889,0.887,0.887,0.884,0.886,0.885,0.885,0.886,0.888,0.882,0.882,0.88,0.878,0.875,0.877,0.877,0.872,0.872,0.867,0.868,0.862,0.862,0.86,0.852,0.847,0.844,0.838,0.835,0.835,0.834,0.827,0.826,0.82,0.81,0.795,0.783,0.779,0.765,0.755,0.736,0.721,0.711,0.694,0.685,0.654,0.614,0.567,0.483,0.406,0.293,0.072,0.85799998
1947,0.902,0.91,0.911,0.911,0.908,0.906,0.904,0.906,0.904,0.903,0.902,0.901,0.903,0.902,0.9,0.893,0.897,0.894,0.89,0.889,0.888,0.887,0.888,0.886,0.885,0.886,0.885,0.884,0.883,0.884,0.885,0.883,0.883,0.881,0.88,0.882,0.881,0.879,0.878,0.876,0.877,0.879,0.88,0.875,0.875,0.875,0.871,0.876,0.871,0.87,0.871,0.869,0.87,0.867,0.868,0.865,0.866,0.865,0.864,0.86,0.861,0.858,0.858,0.851,0.85,0.847,0.843,0.846,0.838,0.837,0.829,0.831,0.828,0.827,0.824,0.821,0.814,0.809,0.809,0.801,0.787,0.789,0.786,0.783,0.763,0.752,0.745,0.733,0.726,0.716,0.706,0.691,0.671,0.657,0.634,0.59,0.519,0.47,0.396,0.258,0.062,0.839999974
1948,0.898,0.902,0.901,0.901,0.9,0.899,0.896,0.895,0.891,0.89,0.888,0.889,0.891,0.887,0.888,0.884,0.887,0.883,0.881,0.881,0.882,0.88,0.88,0.878,0.878,0.875,0.876,0.875,0.873,0.872,0.871,0.865,0.868,0.864,0.859,0.859,0.859,0.862,0.864,0.861,0.858,0.858,0.858,0.855,0.855,0.855,0.853,0.856,0.85,0.849,0.847,0.845,0.846,0.843,0.844,0.84,0.835,0.834,0.835,0.831,0.834,0.828,0.826,0.819,0.818,0.816,0.813,0.814,0.81,0.814,0.808,0.81,0.804,0.797,0.794,0.794,0.789,0.779,0.774,0.768,0.763,0.762,0.754,0.746,0.735,0.725,0.718,0.712,0.701,0.688,0.684,0.67,0.658,0.637,0.604,0.568,0.518,0.479,0.399,0.253,0.055,0.82099998
1949,0.895,0.894,0.89,0.89,0.888,0.886,0.882,0.881,0.876,0.874,0.873,0.875,0.874,0.871,0.871,0.865,0.865,0.862,0.859,0.859,0.856,0.853,0.852,0.85,0.85,0.849,0.849,0.846,0.843,0.84,0.843,0.84,0.841,0.838,0.84,0.841,0.839,0.838,0.839,0.836,0.836,0.832,0.832,0.828,0.827,0.825,0.82,0.819,0.815,0.816,0.815,0.813,0.812,0.812,0.813,0.809,0.806,0.807,0.809,0.805,0.802,0.796,0.793,0.788,0.79,0.792,0.789,0.788,0.783,0.785,0.779,0.778,0.772,0.768,0.767,0.769,0.766,0.76,0.761,0.753,0.744,0.738,0.731,0.721,0.708,0.703,0.698,0.689,0.685,0.671,0.67,0.649,0.633,0.609,0.574,0.507,0.482,0.404,0.345,0.172,0.05,0.796000004
1950,0.899,0.897,0.893,0.893,0.892,0.89,0.886,0.884,0.877,0.877,0.877,0.875,0.876,0.872,0.869,0.863,0.863,0.86,0.853,0.853,0.852,0.851,0.853,0.849,0.847,0.844,0.841,0.841,0.839,0.834,0.834,0.834,0.837,0.832,0.827,0.827,0.826,0.826,0.826,0.823,0.821,0.817,0.821,0.817,0.818,0.82,0.813,0.814,0.811,0.812,0.812,0.8,0.796,0.793,0.793,0.789,0.784,0.781,0.784,0.779,0.786,0.785,0.786,0.777,0.777,0.774,0.766,0.769,0.763,0.765,0.758,0.758,0.76,0.757,0.756,0.758,0.752,0.737,0.736,0.728,0.719,0.718,0.718,0.712,0.702,0.693,0.685,0.666,0.662,0.648,0.639,0.621,0.605,0.591,0.567,0.53,0.483,0.411,0.324,0.15,0.047,0.785000026
1951,0.898,0.897,0.894,0.893,0.891,0.888,0.885,0.884,0.879,0.878,0.878,0.878,0.877,0.874,0.873,0.868,0.87,0.867,0.864,0.862,0.859,0.857,0.857,0.852,0.852,0.849,0.848,0.843,0.838,0.838,0.837,0.832,0.833,0.832,0.831,0.831,0.829,0.83,0.829,0.828,0.825,0.823,0.826,0.819,0.815,0.815,0.812,0.816,0.809,0.804,0.805,0.803,0.8,0.798,0.797,0.791,0.789,0.789,0.784,0.777,0.779,0.779,0.783,0.777,0.78,0.779,0.774,0.772,0.766,0.77,0.762,0.759,0.752,0.753,0.751,0.745,0.74,0.733,0.731,0.721,0.717,0.708,0.704,0.703,0.693,0.685,0.678,0.659,0.654,0.639,0.633,0.615,0.589,0.569,0.528,0.484,0.45,0.378,0.334,0.13,0.052,0.783999979
1952,0.887,0.869,0.865,0.864,0.86,0.862,0.86,0.86,0.858,0.859,0.856,0.855,0.853,0.846,0.845,0.839,0.84,0.829,0.823,0.818,0.814,0.812,0.812,0.806,0.804,0.804,0.804,0.803,0.802,0.801,0.805,0.802,0.8,0.799,0.797,0.791,0.792,0.79,0.787,0.783,0.781,0.777,0.779,0.777,0.774,0.773,0.772,0.777,0.772,0.757,0.76,0.758,0.75,0.747,0.744,0.74,0.737,0.734,0.74,0.737,0.742,0.737,0.732,0.724,0.722,0.724,0.716,0.718,0.716,0.716,0.707,0.713,0.71,0.705,0.701,0.695,0.69,0.688,0.684,0.673,0.676,0.661,0.654,0.643,0.632,0.624,0.612,0.606,0.601,0.581,0.574,0.551,0.532,0.502,0.469,0.424,0.347,0.31,0.209,0.09,0.046,0.74000001
1953,0.891,0.881,0.874,0.87,0.865,0.862,0.856,0.852,0.849,0.846,0.841,0.839,0.835,0.831,0.822,0.811,0.805,0.8,0.796,0.795,0.793,0.789,0.788,0.78,0.783,0.781,0.772,0.77,0.769,0.768,0.771,0.769,0.774,0.773,0.767,0.759,0.754,0.746,0.739,0.739,0.736,0.728,0.727,0.727,0.73,0.726,0.717,0.718,0.715,0.713,0.715,0.711,0.706,0.703,0.704,0.697,0.7,0.7,0.701,0.7,0.7,0.692,0.69,0.688,0.68,0.676,0.668,0.667,0.668,0.673,0.665,0.669,0.667,0.659,0.659,0.65,0.64,0.634,0.626,0.622,0.618,0.616,0.609,0.601,0.589,0.578,0.579,0.579,0.563,0.543,0.53,0.519,0.5,0.471,0.453,0.406,0.345,0.318,0.225,0.104,0.043,0.708000004
1954,0.834,0.829,0.833,0.835,0.835,0.833,0.828,0.826,0.824,0.818,0.816,0.812,0.807,0.802,0.793,0.784,0.781,0.776,0.771,0.77,0.767,0.761,0.758,0.751,0.749,0.748,0.745,0.74,0.738,0.74,0.737,0.734,0.733,0.726,0.721,0.721,0.721,0.719,0.711,0.702,0.707,0.698,0.698,0.695,0.693,0.692,0.689,0.684,0.683,0.676,0.678,0.674,0.673,0.676,0.682,0.674,0.67,0.669,0.674,0.665,0.665,0.665,0.662,0.659,0.653,0.651,0.643,0.652,0.651,0.654,0.647,0.648,0.643,0.637,0.635,0.627,0.623,0.616,0.616,0.61,0.602,0.597,0.59,0.584,0.577,0.561,0.56,0.543,0.53,0.518,0.51,0.495,0.465,0.438,0.435,0.407,0.346,0.303,0.231,0.086,0.041,0.681999981
1955,0.887,0.87,0.867,0.863,0.857,0.851,0.843,0.843,0.839,0.836,0.828,0.822,0.818,0.811,0.808,0.802,0.802,0.793,0.785,0.78,0.778,0.773,0.77,0.764,0.76,0.757,0.751,0.745,0.743,0.742,0.738,0.737,0.738,0.734,0.735,0.735,0.732,0.729,0.734,0.735,0.73,0.72,0.72,0.719,0.719,0.712,0.703,0.7,0.696,0.697,0.697,0.699,0.7,0.699,0.693,0.688,0.689,0.687,0.68,0.678,0.679,0.677,0.673,0.668,0.667,0.673,0.671,0.665,0.661,0.665,0.658,0.658,0.654,0.647,0.644,0.642,0.638,0.637,0.637,0.629,0.623,0.62,0.604,0.597,0.586,0.585,0.581,0.57,0.556,0.541,0.528,0.517,0.488,0.462,0.45,0.41,0.367,0.311,0.22,0.09,0.039,0.69599998
1956,0.864,0.849,0.844,0.842,0.837,0.832,0.829,0.828,0.825,0.816,0.813,0.809,0.802,0.795,0.79,0.783,0.781,0.768,0.767,0.764,0.757,0.754,0.749,0.743,0.744,0.742,0.738,0.733,0.728,0.724,0.72,0.716,0.718,0.717,0.713,0.72,0.717,0.704,0.703,0.702,0.688,0.679,0.679,0.671,0.664,0.667,0.665,0.665,0.671,0.675,0.673,0.671,0.669,0.664,0.658,0.658,0.656,0.655,0.652,0.649,0.653,0.644,0.639,0.642,0.645,0.643,0.637,0.642,0.637,0.638,0.632,0.636,0.632,0.625,0.621,0.62,0.619,0.617,0.611,0.6,0.595,0.59,0.577,0.574,0.571,0.566,0.565,0.56,0.536,0.525,0.515,0.5,0.464,0.455,0.424,0.372,0.367,0.319,0.226,0.094,0.036,0.674000025
1957,0.856,0.84,0.837,0.835,0.825,0.819,0.816,0.813,0.802,0.791,0.787,0.783,0.78,0.776,0.77,0.76,0.756,0.749,0.746,0.748,0.736,0.73,0.73,0.727,0.725,0.722,0.712,0.703,0.699,0.697,0.697,0.696,0.695,0.7,0.699,0.701,0.7,0.692,0.687,0.685,0.682,0.679,0.681,0.674,0.678,0.676,0.673,0.677,0.682,0.683,0.683,0.682,0.68,0.675,0.673,0.673,0.671,0.67,0.672,0.666,0.667,0.663,0.667,0.667,0.662,0.661,0.657,0.659,0.655,0.658,0.651,0.652,0.647,0.638,0.64,0.64,0.634,0.624,0.618,0.607,0.601,0.591,0.59,0.585,0.577,0.568,0.56,0.545,0.532,0.522,0.514,0.502,0.471,0.466,0.441,0.396,0.387,0.345,0.271,0.141,0.035,0.672999978
1958,0.873,0.85,0.846,0.841,0.831,0.827,0.82,0.811,0.803,0.795,0.789,0.784,0.781,0.771,0.761,0.759,0.757,0.751,0.738,0.737,0.734,0.732,0.735,0.728,0.722,0.72,0.72,0.715,0.71,0.702,0.698,0.701,0.704,0.698,0.692,0.695,0.693,0.688,0.69,0.688,0.681,0.68,0.682,0.681,0.687,0.691,0.684,0.68,0.68,0.678,0.678,0.679,0.678,0.676,0.67,0.668,0.668,0.664,0.666,0.668,0.675,0.675,0.672,0.663,0.661,0.66,0.652,0.657,0.653,0.652,0.643,0.637,0.634,0.629,0.629,0.626,0.622,0.616,0.613,0.603,0.596,0.599,0.597,0.589,0.569,0.559,0.557,0.552,0.54,0.528,0.506,0.481,0.474,0.446,0.424,0.391,0.362,0.301,0.219,0.093,0.035,0.671000004
1959,0.848,0.835,0.831,0.827,0.821,0.819,0.812,0.803,0.796,0.782,0.779,0.775,0.767,0.758,0.752,0.741,0.732,0.726,0.719,0.725,0.722,0.716,0.712,0.702,0.7,0.695,0.69,0.684,0.685,0.683,0.687,0.676,0.674,0.675,0.67,0.668,0.669,0.668,0.669,0.67,0.666,0.664,0.664,0.662,0.669,0.671,0.672,0.671,0.671,0.672,0.667,0.661,0.662,0.655,0.655,0.651,0.648,0.643,0.65,0.652,0.658,0.653,0.646,0.642,0.642,0.64,0.636,0.641,0.63,0.627,0.615,0.618,0.615,0.612,0.613,0.608,0.604,0.599,0.593,0.587,0.581,0.573,0.563,0.556,0.543,0.537,0.534,0.52,0.504,0.492,0.462,0.463,0.445,0.428,0.403,0.381,0.353,0.303,0.236,0.105,0.035,0.652999997
1960,0.861,0.844,0.834,0.828,0.822,0.815,0.804,0.796,0.788,0.774,0.763,0.756,0.747,0.742,0.735,0.725,0.721,0.713,0.705,0.701,0.698,0.696,0.688,0.679,0.674,0.671,0.669,0.662,0.668,0.667,0.663,0.664,0.662,0.655,0.654,0.655,0.647,0.638,0.643,0.643,0.641,0.645,0.643,0.641,0.63,0.627,0.626,0.624,0.624,0.624,0.621,0.619,0.615,0.613,0.612,0.616,0.619,0.616,0.618,0.614,0.613,0.606,0.606,0.602,0.597,0.595,0.59,0.593,0.588,0.588,0.587,0.588,0.582,0.576,0.57,0.552,0.552,0.551,0.55,0.539,0.529,0.525,0.515,0.514,0.494,0.486,0.478,0.474,0.455,0.433,0.433,0.418,0.404,0.384,0.372,0.35,0.312,0.269,0.205,0.071,0.034,0.623000026
1961,0.825,0.82,0.817,0.814,0.813,0.808,0.799,0.789,0.774,0.764,0.755,0.747,0.742,0.736,0.729,0.718,0.711,0.698,0.68,0.688,0.679,0.677,0.676,0.668,0.663,0.658,0.639,0.63,0.624,0.632,0.634,0.632,0.63,0.628,0.623,0.617,0.619,0.616,0.614,0.615,0.611,0.603,0.609,0.609,0.607,0.605,0.597,0.593,0.593,0.592,0.594,0.587,0.583,0.578,0.58,0.578,0.577,0.573,0.569,0.568,0.572,0.568,0.564,0.558,0.554,0.552,0.546,0.55,0.548,0.538,0.532,0.531,0.525,0.515,0.52,0.519,0.52,0.511,0.507,0.493,0.484,0.481,0.476,0.471,0.458,0.457,0.449,0.434,0.425,0.418,0.401,0.389,0.372,0.361,0.353,0.315,0.289,0.244,0.185,0.113,0.048,0.601000011
1962,0.82,0.812,0.816,0.813,0.806,0.801,0.794,0.782,0.771,0.762,0.754,0.746,0.739,0.728,0.718,0.701,0.698,0.675,0.672,0.67,0.665,0.663,0.656,0.642,0.64,0.636,0.633,0.63,0.634,0.637,0.632,0.622,0.618,0.618,0.615,0.61,0.601,0.602,0.596,0.602,0.6,0.595,0.589,0.587,0.585,0.58,0.579,0.582,0.581,0.573,0.562,0.564,0.564,0.56,0.554,0.55,0.548,0.548,0.546,0.538,0.537,0.533,0.533,0.519,0.516,0.518,0.512,0.512,0.509,0.507,0.495,0.501,0.502,0.499,0.498,0.489,0.487,0.478,0.476,0.469,0.465,0.459,0.446,0.444,0.435,0.425,0.41,0.409,0.401,0.384,0.369,0.366,0.352,0.349,0.329,0.308,0.266,0.231,0.155,0.077,0.047,0.583000004
1963,0.853,0.844,0.836,0.827,0.816,0.805,0.789,0.778,0.766,0.75,0.743,0.729,0.712,0.696,0.69,0.677,0.67,0.662,0.657,0.655,0.647,0.635,0.626,0.612,0.61,0.603,0.599,0.604,0.605,0.598,0.596,0.595,0.595,0.591,0.581,0.583,0.587,0.586,0.592,0.591,0.587,0.585,0.584,0.581,0.576,0.577,0.578,0.567,0.561,0.557,0.561,0.56,0.558,0.554,0.553,0.553,0.554,0.549,0.545,0.543,0.534,0.524,0.519,0.52,0.522,0.521,0.512,0.512,0.508,0.507,0.501,0.51,0.508,0.499,0.498,0.492,0.488,0.477,0.476,0.468,0.464,0.453,0.443,0.446,0.433,0.42,0.41,0.414,0.402,0.392,0.382,0.37,0.351,0.341,0.315,0.293,0.269,0.223,0.148,0.089,0.048,0.575999975
1964,0.832,0.821,0.808,0.791,0.782,0.77,0.761,0.759,0.753,0.745,0.744,0.733,0.718,0.716,0.705,0.685,0.682,0.673,0.664,0.663,0.641,0.635,0.634,0.626,0.621,0.617,0.621,0.619,0.614,0.612,0.607,0.589,0.583,0.58,0.58,0.578,0.57,0.57,0.572,0.569,0.565,0.562,0.56,0.556,0.554,0.548,0.543,0.539,0.539,0.54,0.538,0.532,0.524,0.528,0.525,0.525,0.522,0.508,0.504,0.501,0.502,0.501,0.501,0.503,0.5,0.496,0.49,0.492,0.486,0.488,0.488,0.494,0.491,0.484,0.482,0.475,0.474,0.472,0.47,0.454,0.45,0.447,0.445,0.449,0.437,0.422,0.418,0.415,0.4,0.388,0.377,0.366,0.352,0.331,0.31,0.281,0.254,0.224,0.177,0.096,0.048,0.564999998
1965,0.851,0.841,0.836,0.831,0.822,0.813,0.801,0.787,0.773,0.762,0.761,0.757,0.751,0.742,0.727,0.708,0.708,0.7,0.689,0.686,0.676,0.672,0.661,0.647,0.641,0.644,0.643,0.641,0.641,0.629,0.622,0.616,0.609,0.614,0.61,0.607,0.609,0.602,0.597,0.596,0.591,0.581,0.578,0.578,0.579,0.577,0.574,0.578,0.58,0.573,0.572,0.57,0.57,0.572,0.572,0.562,0.56,0.559,0.557,0.552,0.55,0.552,0.552,0.547,0.54,0.537,0.523,0.518,0.514,0.521,0.517,0.517,0.515,0.507,0.505,0.495,0.496,0.49,0.487,0.48,0.477,0.476,0.475,0.472,0.456,0.449,0.451,0.446,0.431,0.417,0.409,0.397,0.386,0.375,0.349,0.299,0.268,0.221,0.167,0.092,0.049,0.592999995
1966,0.809,0.806,0.807,0.806,0.801,0.79,0.777,0.771,0.759,0.748,0.734,0.715,0.707,0.7,0.691,0.679,0.677,0.666,0.659,0.647,0.637,0.637,0.636,0.618,0.625,0.623,0.621,0.603,0.596,0.594,0.594,0.583,0.584,0.588,0.585,0.588,0.593,0.584,0.583,0.574,0.571,0.569,0.572,0.571,0.572,0.563,0.564,0.563,0.56,0.556,0.556,0.559,0.549,0.545,0.543,0.543,0.542,0.536,0.537,0.529,0.529,0.526,0.524,0.518,0.514,0.516,0.51,0.513,0.517,0.521,0.518,0.519,0.51,0.503,0.495,0.493,0.496,0.491,0.485,0.475,0.473,0.475,0.467,0.459,0.44,0.439,0.443,0.429,0.404,0.392,0.378,0.366,0.355,0.336,0.318,0.289,0.267,0.231,0.16,0.103,0.049,0.574999988
1967,0.885,0.873,0.863,0.847,0.831,0.814,0.796,0.783,0.769,0.76,0.758,0.75,0.737,0.727,0.713,0.69,0.69,0.679,0.671,0.668,0.656,0.647,0.645,0.644,0.648,0.635,0.628,0.623,0.617,0.61,0.607,0.61,0.606,0.607,0.602,0.599,0.589,0.582,0.575,0.576,0.575,0.569,0.566,0.554,0.558,0.557,0.554,0.544,0.542,0.542,0.545,0.541,0.537,0.534,0.531,0.528,0.524,0.524,0.529,0.527,0.519,0.515,0.516,0.514,0.509,0.51,0.51,0.515,0.512,0.512,0.505,0.508,0.504,0.497,0.499,0.492,0.488,0.481,0.47,0.463,0.464,0.458,0.449,0.443,0.435,0.428,0.42,0.412,0.4,0.391,0.382,0.378,0.356,0.335,0.318,0.294,0.263,0.223,0.174,0.075,0.049,0.578000009
1968,0.891,0.88,0.873,0.862,0.852,0.842,0.831,0.826,0.815,0.797,0.788,0.776,0.762,0.747,0.733,0.709,0.702,0.693,0.687,0.683,0.673,0.664,0.667,0.661,0.654,0.648,0.637,0.629,0.62,0.619,0.62,0.621,0.62,0.622,0.598,0.594,0.591,0.587,0.588,0.592,0.592,0.587,0.584,0.585,0.587,0.569,0.564,0.567,0.572,0.572,0.574,0.571,0.57,0.568,0.568,0.564,0.564,0.565,0.563,0.557,0.555,0.554,0.552,0.545,0.547,0.551,0.55,0.554,0.549,0.549,0.546,0.545,0.541,0.539,0.543,0.533,0.52,0.51,0.51,0.507,0.501,0.492,0.477,0.47,0.463,0.449,0.44,0.43,0.422,0.409,0.404,0.391,0.369,0.349,0.317,0.3,0.281,0.233,0.196,0.139,0.049,0.601000011
1969,0.891,0.878,0.863,0.854,0.844,0.829,0.811,0.794,0.786,0.777,0.772,0.765,0.755,0.743,0.733,0.725,0.722,0.712,0.698,0.692,0.681,0.685,0.681,0.669,0.667,0.66,0.651,0.643,0.64,0.644,0.642,0.633,0.625,0.626,0.621,0.612,0.611,0.612,0.614,0.612,0.608,0.605,0.592,0.58,0.578,0.574,0.577,0.578,0.575,0.568,0.566,0.565,0.565,0.566,0.543,0.548,0.548,0.545,0.543,0.542,0.545,0.542,0.538,0.537,0.543,0.534,0.525,0.522,0.515,0.518,0.511,0.511,0.51,0.505,0.504,0.495,0.494,0.488,0.487,0.481,0.472,0.458,0.441,0.443,0.431,0.421,0.412,0.406,0.394,0.384,0.372,0.367,0.357,0.341,0.321,0.302,0.29,0.24,0.182,0.131,0.049,0.593999982
1970,0.901,0.888,0.884,0.88,0.872,0.859,0.844,0.83,0.815,0.802,0.793,0.783,0.771,0.755,0.741,0.728,0.722,0.713,0.705,0.703,0.677,0.679,0.675,0.668,0.667,0.66,0.651,0.643,0.643,0.646,0.644,0.639,0.637,0.634,0.629,0.627,0.628,0.627,0.626,0.622,0.609,0.605,0.604,0.598,0.596,0.596,0.594,0.589,0.588,0.585,0.576,0.571,0.565,0.565,0.565,0.563,0.563,0.563,0.563,0.561,0.551,0.555,0.554,0.553,0.551,0.55,0.548,0.55,0.547,0.546,0.531,0.529,0.522,0.517,0.519,0.517,0.52,0.511,0.493,0.483,0.48,0.479,0.472,0.47,0.458,0.452,0.448,0.443,0.438,0.43,0.414,0.404,0.391,0.368,0.358,0.342,0.313,0.283,0.221,0.159,0.047,0.610000014
1971,0.857,0.854,0.853,0.851,0.845,0.837,0.826,0.822,0.816,0.799,0.793,0.781,0.778,0.771,0.762,0.751,0.741,0.727,0.721,0.716,0.706,0.703,0.688,0.675,0.678,0.674,0.674,0.67,0.666,0.662,0.646,0.641,0.639,0.639,0.637,0.634,0.63,0.623,0.621,0.624,0.624,0.603,0.603,0.604,0.595,0.589,0.589,0.592,0.594,0.588,0.583,0.579,0.571,0.565,0.566,0.566,0.563,0.557,0.554,0.547,0.545,0.544,0.548,0.548,0.546,0.542,0.538,0.537,0.525,0.527,0.521,0.519,0.515,0.507,0.505,0.498,0.496,0.489,0.487,0.479,0.477,0.469,0.463,0.459,0.453,0.445,0.441,0.437,0.428,0.421,0.412,0.403,0.386,0.366,0.354,0.326,0.304,0.263,0.214,0.146,0.059,0.611999989
1972,0.882,0.872,0.866,0.86,0.853,0.845,0.834,0.829,0.819,0.807,0.805,0.786,0.776,0.766,0.753,0.739,0.736,0.721,0.711,0.704,0.696,0.688,0.68,0.67,0.673,0.67,0.669,0.665,0.66,0.659,0.64,0.639,0.637,0.636,0.632,0.629,0.625,0.622,0.616,0.615,0.613,0.609,0.604,0.597,0.592,0.589,0.588,0.586,0.578,0.569,0.569,0.564,0.562,0.559,0.561,0.56,0.546,0.539,0.537,0.53,0.526,0.527,0.531,0.531,0.531,0.53,0.525,0.527,0.524,0.527,0.523,0.52,0.514,0.507,0.508,0.503,0.502,0.494,0.49,0.481,0.477,0.474,0.457,0.45,0.44,0.435,0.435,0.433,0.415,0.409,0.404,0.38,0.367,0.351,0.337,0.316,0.296,0.266,0.209,0.142,0.062,0.60799998
1973,0.843,0.845,0.847,0.844,0.832,0.822,0.814,0.809,0.796,0.781,0.777,0.767,0.76,0.751,0.734,0.712,0.708,0.698,0.688,0.682,0.668,0.648,0.645,0.638,0.641,0.641,0.642,0.634,0.627,0.62,0.613,0.613,0.609,0.61,0.605,0.604,0.606,0.591,0.588,0.586,0.578,0.572,0.574,0.57,0.571,0.57,0.57,0.568,0.564,0.561,0.563,0.56,0.556,0.558,0.559,0.543,0.541,0.541,0.54,0.533,0.532,0.535,0.536,0.533,0.53,0.532,0.528,0.529,0.529,0.53,0.524,0.513,0.509,0.5,0.501,0.495,0.493,0.488,0.481,0.479,0.48,0.481,0.476,0.47,0.463,0.46,0.458,0.449,0.438,0.427,0.419,0.407,0.396,0.375,0.361,0.332,0.316,0.295,0.227,0.115,0.061,0.598999977
1974,0.853,0.846,0.844,0.837,0.827,0.821,0.813,0.805,0.789,0.771,0.763,0.745,0.74,0.732,0.713,0.698,0.696,0.688,0.684,0.679,0.662,0.657,0.654,0.648,0.643,0.64,0.63,0.615,0.606,0.6,0.601,0.598,0.599,0.6,0.595,0.581,0.574,0.572,0.569,0.562,0.561,0.563,0.559,0.551,0.55,0.551,0.548,0.544,0.544,0.542,0.542,0.534,0.53,0.527,0.522,0.516,0.513,0.514,0.515,0.513,0.516,0.514,0.511,0.508,0.509,0.51,0.499,0.502,0.494,0.485,0.474,0.478,0.476,0.472,0.474,0.468,0.469,0.465,0.461,0.455,0.454,0.443,0.434,0.437,0.429,0.422,0.416,0.414,0.404,0.398,0.394,0.384,0.367,0.345,0.327,0.303,0.281,0.246,0.171,0.099,0.063,0.579999983
1975,0.859,0.853,0.851,0.846,0.832,0.819,0.808,0.801,0.792,0.781,0.774,0.761,0.755,0.739,0.731,0.725,0.721,0.715,0.711,0.684,0.67,0.664,0.66,0.654,0.65,0.643,0.622,0.616,0.613,0.611,0.611,0.609,0.608,0.609,0.589,0.587,0.584,0.582,0.58,0.581,0.581,0.576,0.561,0.558,0.563,0.563,0.561,0.559,0.557,0.549,0.534,0.528,0.529,0.526,0.522,0.519,0.521,0.518,0.51,0.51,0.513,0.513,0.511,0.511,0.512,0.511,0.498,0.499,0.496,0.495,0.486,0.489,0.482,0.477,0.477,0.471,0.471,0.469,0.469,0.458,0.456,0.449,0.442,0.443,0.424,0.421,0.42,0.418,0.404,0.4,0.396,0.39,0.377,0.365,0.345,0.312,0.287,0.224,0.173,0.101,0.063,0.586000025
1976,0.832,0.834,0.831,0.826,0.82,0.814,0.799,0.785,0.765,0.756,0.751,0.739,0.727,0.715,0.705,0.693,0.689,0.68,0.657,0.642,0.633,0.634,0.631,0.616,0.603,0.597,0.586,0.583,0.58,0.582,0.581,0.567,0.565,0.567,0.556,0.55,0.556,0.556,0.545,0.534,0.53,0.522,0.521,0.517,0.519,0.516,0.511,0.5,0.5,0.493,0.488,0.488,0.487,0.484,0.483,0.481,0.478,0.474,0.472,0.472,0.469,0.464,0.459,0.455,0.456,0.454,0.452,0.453,0.452,0.452,0.442,0.445,0.441,0.436,0.437,0.429,0.423,0.417,0.416,0.411,0.409,0.404,0.394,0.395,0.389,0.38,0.376,0.366,0.359,0.354,0.344,0.337,0.324,0.314,0.299,0.27,0.241,0.202,0.158,0.094,0.063,0.549000025
1977,0.804,0.806,0.811,0.81,0.806,0.797,0.783,0.772,0.751,0.737,0.725,0.712,0.698,0.691,0.686,0.676,0.68,0.66,0.65,0.647,0.641,0.637,0.624,0.614,0.614,0.605,0.599,0.601,0.603,0.584,0.585,0.585,0.579,0.578,0.576,0.577,0.568,0.559,0.557,0.557,0.555,0.553,0.553,0.551,0.536,0.531,0.531,0.528,0.525,0.52,0.524,0.517,0.51,0.507,0.509,0.507,0.504,0.503,0.505,0.501,0.492,0.489,0.492,0.492,0.49,0.493,0.49,0.491,0.486,0.49,0.485,0.487,0.484,0.47,0.467,0.463,0.465,0.461,0.459,0.447,0.445,0.443,0.438,0.433,0.42,0.416,0.418,0.411,0.402,0.398,0.378,0.374,0.352,0.342,0.329,0.311,0.284,0.25,0.17,0.112,0.063,0.565999985
1978,0.853,0.846,0.836,0.828,0.816,0.801,0.788,0.778,0.752,0.743,0.737,0.734,0.725,0.711,0.696,0.681,0.675,0.664,0.652,0.645,0.639,0.625,0.619,0.614,0.613,0.608,0.607,0.588,0.587,0.586,0.579,0.577,0.575,0.572,0.569,0.558,0.557,0.555,0.556,0.553,0.543,0.54,0.53,0.528,0.529,0.527,0.526,0.523,0.521,0.51,0.512,0.507,0.505,0.502,0.504,0.503,0.503,0.492,0.489,0.485,0.484,0.483,0.485,0.483,0.479,0.479,0.473,0.47,0.466,0.469,0.454,0.457,0.453,0.447,0.447,0.444,0.441,0.435,0.436,0.431,0.43,0.424,0.415,0.413,0.402,0.398,0.392,0.388,0.374,0.367,0.357,0.353,0.342,0.327,0.311,0.287,0.263,0.216,0.154,0.099,0.06,0.556999981
1979,0.824,0.82,0.817,0.812,0.807,0.797,0.786,0.764,0.741,0.734,0.724,0.716,0.709,0.698,0.685,0.643,0.641,0.628,0.615,0.61,0.587,0.582,0.581,0.575,0.576,0.574,0.568,0.548,0.546,0.543,0.543,0.545,0.547,0.531,0.526,0.523,0.527,0.525,0.528,0.529,0.519,0.514,0.511,0.512,0.514,0.51,0.511,0.509,0.501,0.494,0.5,0.5,0.5,0.499,0.495,0.485,0.484,0.48,0.484,0.484,0.484,0.48,0.478,0.477,0.477,0.475,0.47,0.472,0.468,0.46,0.45,0.453,0.451,0.445,0.446,0.44,0.44,0.431,0.427,0.419,0.415,0.416,0.412,0.412,0.397,0.389,0.39,0.378,0.371,0.369,0.355,0.349,0.323,0.313,0.302,0.282,0.248,0.228,0.177,0.094,0.062,0.542999983
1980,0.791,0.796,0.798,0.793,0.788,0.774,0.755,0.738,0.711,0.699,0.675,0.667,0.658,0.636,0.622,0.598,0.594,0.585,0.577,0.566,0.542,0.545,0.545,0.54,0.536,0.529,0.512,0.507,0.504,0.498,0.501,0.501,0.494,0.489,0.488,0.485,0.486,0.483,0.483,0.467,0.465,0.467,0.466,0.463,0.469,0.455,0.453,0.45,0.454,0.452,0.45,0.447,0.444,0.429,0.428,0.424,0.426,0.424,0.421,0.42,0.42,0.42,0.421,0.421,0.419,0.418,0.411,0.402,0.4,0.401,0.397,0.402,0.397,0.394,0.397,0.394,0.395,0.392,0.384,0.376,0.373,0.368,0.359,0.358,0.352,0.347,0.345,0.345,0.336,0.329,0.318,0.316,0.309,0.296,0.282,0.267,0.239,0.207,0.154,0.084,0.059,0.5
1981,0.79,0.797,0.799,0.797,0.788,0.776,0.766,0.756,0.743,0.722,0.713,0.699,0.695,0.686,0.663,0.652,0.655,0.642,0.631,0.616,0.609,0.602,0.603,0.598,0.595,0.583,0.577,0.574,0.572,0.572,0.573,0.568,0.553,0.549,0.544,0.541,0.539,0.54,0.543,0.541,0.525,0.523,0.523,0.518,0.511,0.509,0.485,0.478,0.48,0.48,0.483,0.481,0.478,0.472,0.466,0.458,0.458,0.453,0.443,0.436,0.435,0.433,0.435,0.435,0.432,0.428,0.427,0.426,0.424,0.428,0.417,0.417,0.414,0.409,0.409,0.401,0.396,0.394,0.391,0.385,0.377,0.374,0.368,0.365,0.355,0.352,0.339,0.329,0.324,0.32,0.311,0.303,0.293,0.282,0.27,0.255,0.237,0.2,0.158,0.085,0.071,0.532000005
1982,0.786,0.794,0.794,0.791,0.782,0.771,0.761,0.754,0.73,0.721,0.706,0.694,0.684,0.672,0.657,0.647,0.651,0.64,0.621,0.614,0.605,0.605,0.608,0.601,0.588,0.583,0.582,0.582,0.581,0.584,0.585,0.559,0.557,0.56,0.553,0.549,0.549,0.548,0.539,0.535,0.531,0.529,0.528,0.525,0.519,0.519,0.516,0.512,0.516,0.516,0.514,0.504,0.503,0.5,0.499,0.499,0.49,0.482,0.483,0.484,0.484,0.481,0.477,0.471,0.469,0.466,0.465,0.465,0.454,0.45,0.439,0.441,0.438,0.429,0.43,0.425,0.425,0.414,0.406,0.399,0.395,0.394,0.38,0.376,0.362,0.356,0.348,0.339,0.331,0.323,0.312,0.31,0.3,0.28,0.271,0.257,0.241,0.217,0.156,0.104,0.071,0.542999983
1983,0.794,0.802,0.804,0.799,0.788,0.777,0.767,0.759,0.744,0.732,0.708,0.697,0.685,0.67,0.649,0.64,0.642,0.623,0.606,0.603,0.598,0.595,0.594,0.58,0.567,0.567,0.564,0.56,0.556,0.555,0.55,0.542,0.536,0.536,0.53,0.528,0.517,0.516,0.516,0.513,0.507,0.506,0.502,0.492,0.492,0.489,0.486,0.484,0.489,0.484,0.484,0.48,0.481,0.481,0.47,0.461,0.456,0.455,0.456,0.457,0.455,0.452,0.453,0.451,0.45,0.452,0.438,0.429,0.426,0.426,0.419,0.423,0.417,0.414,0.416,0.403,0.403,0.399,0.399,0.393,0.381,0.376,0.365,0.362,0.349,0.341,0.333,0.332,0.324,0.318,0.308,0.302,0.287,0.275,0.262,0.23,0.209,0.183,0.132,0.081,0.069,0.52700001
1984,0.783,0.79,0.789,0.788,0.764,0.742,0.721,0.715,0.706,0.696,0.686,0.678,0.666,0.65,0.641,0.629,0.623,0.606,0.6,0.596,0.59,0.587,0.583,0.557,0.552,0.553,0.544,0.544,0.543,0.521,0.52,0.516,0.513,0.513,0.512,0.498,0.5,0.501,0.503,0.493,0.494,0.496,0.481,0.47,0.473,0.465,0.464,0.461,0.464,0.461,0.462,0.462,0.462,0.445,0.443,0.44,0.437,0.434,0.436,0.434,0.423,0.42,0.423,0.422,0.42,0.418,0.409,0.409,0.406,0.409,0.403,0.405,0.399,0.396,0.389,0.378,0.377,0.371,0.369,0.361,0.355,0.343,0.327,0.321,0.31,0.304,0.298,0.295,0.285,0.272,0.26,0.248,0.226,0.21,0.203,0.186,0.156,0.129,0.084,0.012,0.07,0.503000021
